index,type,tag,title,checked,heading_path,heading_path_slug,paragraph_context,range_preview,proposed_tag,proposed_title
1,checkbox,chk,chk,False,[],[],☐EPD	☐ECR	☐GEPC,☐,epd_ecr_gepc_chk,chk
2,checkbox,chk,chk,False,[],[],☐EPD	☐ECR	☐GEPC,☐,epd_ecr_gepc_chk_2,chk
3,checkbox,chk,chk,False,[],[],☐EPD	☐ECR	☐GEPC,☐,epd_ecr_gepc_chk_3,chk
4,checkbox,chk,chk,False,[],[],☐  <Insert Other>,☐,insert_other_chk,chk
5,dropdown,,,,[],[],Level: <Choose a Project Level.>,<Choose a Project Level.>,level_choose_a_project_level_dd,Dropdown
6,combobox,,,,[],[],CAPA Associated: <Select one.>,<Select one.>,capa_associated_select_one_combo,Combobox
7,combobox,,,,[],[],Design Owner:	<Choose an item.>	Other (if applicable): <Fill in if “Other” is chosen.> 	Name of OEM (if applicable): <Name of OEM>,<Choose an item.>,design_owner_choose_an_item_other_combo,Combobox
8,checkbox,chk,chk,False,[],[],Manufacturing Site:	☐AVL ☐ MAR ☐ LSB ☐ OHA ☐ SNG ☐ Other	☐OEM ☐ CM (External),☐,manufacturing_site_avl_mar_lsb_oha_chk,chk
9,checkbox,chk,chk,False,[],[],Manufacturing Site:	☐AVL ☐ MAR ☐ LSB ☐ OHA ☐ SNG ☐ Other	☐OEM ☐ CM (External),☐,manufacturing_site_avl_mar_lsb_oha_chk_2,chk
10,checkbox,chk,chk,False,[],[],Manufacturing Site:	☐AVL ☐ MAR ☐ LSB ☐ OHA ☐ SNG ☐ Other	☐OEM ☐ CM (External),☐,manufacturing_site_avl_mar_lsb_oha_chk_3,chk
11,checkbox,chk,chk,False,[],[],Manufacturing Site:	☐AVL ☐ MAR ☐ LSB ☐ OHA ☐ SNG ☐ Other	☐OEM ☐ CM (External),☐,manufacturing_site_avl_mar_lsb_oha_chk_4,chk
12,checkbox,chk,chk,False,[],[],Manufacturing Site:	☐AVL ☐ MAR ☐ LSB ☐ OHA ☐ SNG ☐ Other	☐OEM ☐ CM (External),☐,manufacturing_site_avl_mar_lsb_oha_chk_5,chk
13,checkbox,chk,chk,False,[],[],Manufacturing Site:	☐AVL ☐ MAR ☐ LSB ☐ OHA ☐ SNG ☐ Other	☐OEM ☐ CM (External),☐,manufacturing_site_avl_mar_lsb_oha_chk_6,chk
14,checkbox,chk,chk,False,[],[],Manufacturing Site:	☐AVL ☐ MAR ☐ LSB ☐ OHA ☐ SNG ☐ Other	☐OEM ☐ CM (External),☐,manufacturing_site_avl_mar_lsb_oha_chk_7,chk
15,checkbox,chk,chk,False,[],[],Manufacturing Site:	☐AVL ☐ MAR ☐ LSB ☐ OHA ☐ SNG ☐ Other	☐OEM ☐ CM (External),☐,manufacturing_site_avl_mar_lsb_oha_chk_8,chk
16,combobox,,,,[],[],Design is Copy Exact: <Choose an item.>,<Choose an item.>,design_is_copy_exact_choose_an_combo,Combobox
17,checkbox,chk,chk,False,[],[],☐,☐,chk,chk
18,checkbox,chk,chk,False,[],[],☐,☐,chk_2,chk
19,checkbox,chk,chk,False,[],[],☐,☐,chk_3,chk
20,checkbox,chk,chk,False,[],[],☐,☐,chk_4,chk
21,checkbox,chk,chk,False,[],[],☐,☐,chk_5,chk
22,checkbox,chk,chk,False,[],[],☐,☐,chk_6,chk
23,checkbox,chk,chk,False,[],[],☐,☐,chk_7,chk
24,checkbox,chk,chk,False,[],[],☐,☐,chk_8,chk
25,checkbox,chk,chk,False,[],[],☐,☐,chk_9,chk
26,checkbox,chk,chk,False,[],[],☐,☐,chk_10,chk
27,checkbox,chk,chk,False,[],[],☐,☐,chk_11,chk
28,checkbox,chk,chk,False,[],[],☐,☐,chk_12,chk
29,checkbox,chk,chk,False,[],[],☐,☐,chk_13,chk
30,checkbox,chk,chk,False,[],[],☐,☐,chk_14,chk
31,checkbox,chk,chk,False,[],[],☐,☐,chk_15,chk
32,checkbox,chk,chk,False,[],[],☐,☐,chk_16,chk
33,checkbox,chk,chk,False,[],[],☐,☐,chk_17,chk
34,checkbox,chk,chk,False,[],[],☐,☐,chk_18,chk
35,checkbox,chk,chk,False,[],[],☐,☐,chk_19,chk
36,checkbox,chk,chk,False,[],[],☐,☐,chk_20,chk
37,checkbox,chk,chk,False,['RISK MANAGEMENT FILE'],['risk_management_file'],☐  The change does not impact the Risk Management File,☐,risk_management_file_the_change_does_not_impact_the_chk,chk
38,checkbox,chk,chk,False,['RISK MANAGEMENT FILE'],['risk_management_file'],☐ The product family does not have a Risk Management File or does not have a Risk Management File aligned to the latest revisions in the QMS.,☐,risk_management_file_the_product_family_does_not_have_chk,chk
39,checkbox,chk,chk,False,['RISK MANAGEMENT FILE'],['risk_management_file'],"☐  The change introduces new usage conditions, or risk of harm as defined in the Risk Management Procedure (Patient, Samples, Operators, Environment, etc.).",☐,risk_management_file_the_change_introduces_new_usage_conditions,chk
40,checkbox,chk,chk,False,['RISK MANAGEMENT FILE'],['risk_management_file'],☐  The change affects the current risk probability or severity associated with existing hazards,☐,risk_management_file_the_change_affects_the_current_risk_chk,chk
41,checkbox,chk,chk,False,['RISK MANAGEMENT FILE'],['risk_management_file'],☐  The change will mean that the device will have different end users or be used in a different manner,☐,risk_management_file_the_change_will_mean_that_the_chk,chk
42,checkbox,chk,chk,False,['RISK MANAGEMENT FILE'],['risk_management_file'],☐  The performance evaluation data for the original device is not sufficient to confirm conformity of the changed device with the required characteristics and performance,☐,risk_management_file_the_performance_evaluation_data_for_the_ch,chk
43,checkbox,chk,chk,False,['RISK MANAGEMENT FILE'],['risk_management_file'],"☐  The change involves the manufacturing process (i.e., technologies, product lines)",☐,risk_management_file_the_change_involves_the_manufacturing_proc,chk
44,checkbox,chk,chk,False,['RISK MANAGEMENT FILE'],['risk_management_file'],"☐  The change impacts End of Line (EOL) testing procedures (e.g., TP902 – Test procedure for all Hi Pot and Hypatia Equipment Test Machines)",☐,risk_management_file_the_change_impacts_end_of_line_chk,chk
45,checkbox,chk,chk,False,['RISK MANAGEMENT FILE'],['risk_management_file'],☐  The change requires a process validation,☐,risk_management_file_the_change_requires_a_process_validation_c,chk
46,checkbox,chk,chk,False,['RISK MANAGEMENT FILE'],['risk_management_file'],"☐  The change affects agreements and/or arrangements (e.g., verification, validation, organizational structure, production site, outsourcing, subcontracting) for ensuring continued compliance with the requirements",☐,risk_management_file_the_change_affects_agreements_and_or_chk,chk
47,checkbox,chk,chk,False,['RISK MANAGEMENT FILE'],['risk_management_file'],☐  The change results from actions taken related to concerns arising from post-market surveillance including incidents/recalls/complaints (CAPA associated),☐,risk_management_file_the_change_results_from_actions_taken_chk,chk
48,checkbox,chk,chk,False,['RISK MANAGEMENT FILE'],['risk_management_file'],"☐  The change impacts Quality Control procedures, incoming acceptance criteria, or involves a change in supplier",☐,risk_management_file_the_change_impacts_quality_control_procedu,chk
49,checkbox,chk,chk,False,['RISK MANAGEMENT FILE'],['risk_management_file'],☐  (Medical) The change results from characteristics not previously considered in the clinical evaluation,☐,risk_management_file_medical_the_change_results_from_characteri,chk
50,checkbox,chk,chk,False,['RISK MANAGEMENT FILE'],['risk_management_file'],"☐  (Medical) The change is driven by the development of the state of the art (e.g., latest technology)",☐,risk_management_file_medical_the_change_is_driven_by_chk,chk
51,checkbox,chk,chk,False,['RISK MANAGEMENT FILE'],['risk_management_file'],"☐Other: <If “Other” is selected, provide more information here> ",☐,risk_management_file_other_if_other_is_selected_provide_chk,chk
52,combobox,,,,['RISK MANAGEMENT FILE'],['risk_management_file'],Next Steps: <Choose the project action item that would need to be completed based on the scope assessment.>,<Choose the project action item that would need to be completed based on the scope assessment.>,risk_management_file_next_steps_choose_the_project_action_combo,RISK MANAGEMENT FILE
53,checkbox,chk,chk,False,['RISK MANAGEMENT FILE'],['risk_management_file'],☐CAPA owner notified,☐,risk_management_file_capa_owner_notified_chk,chk
54,checkbox,chk,chk,False,['PERFORMANCE COMPLIANCE ASSESSMENT'],['performance_compliance_assessment'],☐  The change does not impact the performance compliance of the product.,☐,performance_compliance_assessment_the_change_does_not_impact_th,chk
55,checkbox,chk,chk,False,['PERFORMANCE COMPLIANCE ASSESSMENT'],['performance_compliance_assessment'],"☐Changes affect degradable, moving or friction generating components (air filters, fans, hinges, etc.)",☐,performance_compliance_assessment_changes_affect_degradable_mov,chk
56,checkbox,chk,chk,False,['PERFORMANCE COMPLIANCE ASSESSMENT'],['performance_compliance_assessment'],"☐Changes affect the airflow into, throughout, and out of the unit (airflow vent, rearranging components, deck size, etc.)",☐,performance_compliance_assessment_changes_affect_the_airflow_in,chk
57,checkbox,chk,chk,False,['PERFORMANCE COMPLIANCE ASSESSMENT'],['performance_compliance_assessment'],☐Product currently has outdated testing or missing testing to the latest requirements. Requested to add in scope of the current project.,☐,performance_compliance_assessment_product_currently_has_outdate,chk
58,checkbox,chk,chk,False,['PERFORMANCE COMPLIANCE ASSESSMENT'],['performance_compliance_assessment'],"☐Changes affect critical components in compliance files (Electrical, refrigeration, labels)",☐,performance_compliance_assessment_changes_affect_critical_compo,chk
59,checkbox,chk,chk,False,['PERFORMANCE COMPLIANCE ASSESSMENT'],['performance_compliance_assessment'],"☐Changes affect the product performance, peak variation, temperature stability, door open recovery times",☐,performance_compliance_assessment_changes_affect_the_product_pe,chk
60,checkbox,chk,chk,False,['PERFORMANCE COMPLIANCE ASSESSMENT'],['performance_compliance_assessment'],"☐Changes will be made to the product power specifications, refrigeration system, or electrical systems",☐,performance_compliance_assessment_changes_will_be_made_to_the_c,chk
61,checkbox,chk,chk,False,['PERFORMANCE COMPLIANCE ASSESSMENT'],['performance_compliance_assessment'],"☐Changes to the internal cabinet size, construction, or configuration (inner doors, shelving, port holes)",☐,performance_compliance_assessment_changes_to_the_internal_cabin,chk
62,checkbox,chk,chk,False,['PERFORMANCE COMPLIANCE ASSESSMENT'],['performance_compliance_assessment'],"☐Change to defrosts, setpoint ranges, or code versions",☐,performance_compliance_assessment_change_to_defrosts_setpoint_r,chk
63,checkbox,chk,chk,False,['PERFORMANCE COMPLIANCE ASSESSMENT'],['performance_compliance_assessment'],☐Changes to the software affecting behavior or timing of behaviors,☐,performance_compliance_assessment_changes_to_the_software_affec,chk
64,checkbox,chk,chk,False,['PERFORMANCE COMPLIANCE ASSESSMENT'],['performance_compliance_assessment'],☐Product currently has outdated testing or missing testing to the latest requirements. Requested to add in scope of the current project.,☐,performance_compliance_assessment_product_currently_has_outd_2,chk
65,checkbox,chk,chk,False,['PERFORMANCE COMPLIANCE ASSESSMENT'],['performance_compliance_assessment'],☐ Changes affect the cooling capacity to cool down and maintain the temperature of the liquid,☐,performance_compliance_assessment_changes_affect_the_cooling_ca,chk
66,checkbox,chk,chk,False,['PERFORMANCE COMPLIANCE ASSESSMENT'],['performance_compliance_assessment'],"☐ Changes affect the functionality of the medium (refrigerant, water, etc.) to chill the system continuously",☐,performance_compliance_assessment_changes_affect_the_functional,chk
67,checkbox,chk,chk,False,['PERFORMANCE COMPLIANCE ASSESSMENT'],['performance_compliance_assessment'],☐ Changes may affect the power input specifications,☐,performance_compliance_assessment_changes_may_affect_the_power_,chk
68,checkbox,chk,chk,False,['PERFORMANCE COMPLIANCE ASSESSMENT'],['performance_compliance_assessment'],☐Product currently has outdated testing or missing testing to the latest requirements. Requested to add in scope of the current project.,☐,performance_compliance_assessment_product_currently_has_outd_3,chk
69,checkbox,chk,chk,False,['PERFORMANCE COMPLIANCE ASSESSMENT'],['performance_compliance_assessment'],☐Changes affect critical components in compliance files,☐,performance_compliance_assessment_changes_affect_critical_co_2,chk
70,checkbox,chk,chk,False,['PERFORMANCE COMPLIANCE ASSESSMENT'],['performance_compliance_assessment'],☐Product currently has outdated testing or missing testing to the latest requirements. Requested to add in scope of the current project.,☐,performance_compliance_assessment_product_currently_has_outd_4,chk
71,checkbox,chk,chk,False,['PERFORMANCE COMPLIANCE ASSESSMENT'],['performance_compliance_assessment'],☐Changes affect critical components in compliance files,☐,performance_compliance_assessment_changes_affect_critical_co_3,chk
72,checkbox,chk,chk,False,['PERFORMANCE COMPLIANCE ASSESSMENT'],['performance_compliance_assessment'],☐ Changes to the materials of construction or coatings (paint),☐,performance_compliance_assessment_changes_to_the_materials_of_c,chk
73,checkbox,chk,chk,False,['PERFORMANCE COMPLIANCE ASSESSMENT'],['performance_compliance_assessment'],"☐ Changes impact air flow (blowers, power supp, filters, paper catch areas, filter screen)",☐,performance_compliance_assessment_changes_impact_air_flow_blowe,chk
74,checkbox,chk,chk,False,['PERFORMANCE COMPLIANCE ASSESSMENT'],['performance_compliance_assessment'],☐ Changes to the software,☐,performance_compliance_assessment_changes_to_the_software_chk,chk
75,checkbox,chk,chk,False,['PERFORMANCE COMPLIANCE ASSESSMENT'],['performance_compliance_assessment'],☐ Changes impacting stability (change weight distribution or change to stands),☐,performance_compliance_assessment_changes_impacting_stability_c,chk
76,checkbox,chk,chk,False,['PERFORMANCE COMPLIANCE ASSESSMENT'],['performance_compliance_assessment'],"☐ Changes impact cleanability (Sealing of openings that could harbor contamination, fasteners - Philip screws not allowed)",☐,performance_compliance_assessment_changes_impact_cleanability_s,chk
77,checkbox,chk,chk,False,['PERFORMANCE COMPLIANCE ASSESSMENT'],['performance_compliance_assessment'],"☐Changes impact the cabinet pressure decay test (seals, cabinet materials)",☐,performance_compliance_assessment_changes_impact_the_cabinet_pr,chk
78,checkbox,chk,chk,False,['PERFORMANCE COMPLIANCE ASSESSMENT'],['performance_compliance_assessment'],"☐Changes impact labels or markings (add, remove, location change)",☐,performance_compliance_assessment_changes_impact_labels_or_mark,chk
79,checkbox,chk,chk,False,['PERFORMANCE COMPLIANCE ASSESSMENT'],['performance_compliance_assessment'],☐Product currently has outdated testing or missing testing to the latest requirements. Requested to add in scope of the current project.,☐,performance_compliance_assessment_product_currently_has_outd_5,chk
80,checkbox,chk,chk,False,['PERFORMANCE COMPLIANCE ASSESSMENT'],['performance_compliance_assessment'],☐ENERGY STAR*,☐,performance_compliance_assessment_energy_star_chk,chk
81,checkbox,chk,chk,False,['PERFORMANCE COMPLIANCE ASSESSMENT'],['performance_compliance_assessment'],☐NSF49 BSC*,☐,performance_compliance_assessment_nsf49_bsc_chk,chk
82,checkbox,chk,chk,False,['PERFORMANCE COMPLIANCE ASSESSMENT'],['performance_compliance_assessment'],☐NSF456 Vaccine*,☐,performance_compliance_assessment_nsf456_vaccine_chk,chk
83,checkbox,chk,chk,False,['PERFORMANCE COMPLIANCE ASSESSMENT'],['performance_compliance_assessment'],☐Clean Room Particulate 14644-14*,☐,performance_compliance_assessment_clean_room_particulate_14644_,chk
84,checkbox,chk,chk,False,['PERFORMANCE COMPLIANCE ASSESSMENT'],['performance_compliance_assessment'],☐Clean Room Particulate 14644-14*,☐,performance_compliance_assessment_clean_room_particulate_146_2,chk
85,checkbox,chk,chk,False,['PERFORMANCE COMPLIANCE ASSESSMENT'],['performance_compliance_assessment'],☐ErP Directive (Chillers only),☐,performance_compliance_assessment_erp_directive_chillers_only_c,chk
86,checkbox,chk,chk,False,['PERFORMANCE COMPLIANCE ASSESSMENT'],['performance_compliance_assessment'],☐Clean Room Particulate 14644-14*,☐,performance_compliance_assessment_clean_room_particulate_146_3,chk
87,checkbox,chk,chk,False,['PERFORMANCE COMPLIANCE ASSESSMENT'],['performance_compliance_assessment'],☐South Korean Act on Environmental testing and Inspection,☐,performance_compliance_assessment_south_korean_act_on_environme,chk
88,checkbox,chk,chk,False,['PERFORMANCE COMPLIANCE ASSESSMENT'],['performance_compliance_assessment'],☐Other (if applicable): <Select “Other” if the report is not listed above. Provide more information here.>,☐,performance_compliance_assessment_other_if_applicable_select_ot,chk
89,checkbox,chk,chk,False,['PERFORMANCE COMPLIANCE ASSESSMENT'],['performance_compliance_assessment'],"☐ENERGY STAR*	☐CE (Self-Declared)	☐Other (if applicable): <If “Other” is selected, provide more information here.> ",☐,performance_compliance_assessment_energy_star_ce_self_declared_,chk
90,checkbox,chk,chk,False,['PERFORMANCE COMPLIANCE ASSESSMENT'],['performance_compliance_assessment'],"☐ENERGY STAR*	☐CE (Self-Declared)	☐Other (if applicable): <If “Other” is selected, provide more information here.> ",☐,performance_compliance_assessment_energy_star_ce_self_declar_2,chk
91,checkbox,chk,chk,False,['PERFORMANCE COMPLIANCE ASSESSMENT'],['performance_compliance_assessment'],"☐ENERGY STAR*	☐CE (Self-Declared)	☐Other (if applicable): <If “Other” is selected, provide more information here.> ",☐,performance_compliance_assessment_energy_star_ce_self_declar_3,chk
92,checkbox,chk,chk,False,['PERFORMANCE COMPLIANCE ASSESSMENT'],['performance_compliance_assessment'],"☐Marketing claims	☐CE DoC (Self-Declared)	☐Other (if applicable): <If “Other” is selected, provide more information here.> ",☐,performance_compliance_assessment_marketing_claims_ce_doc_self_,chk
93,checkbox,chk,chk,False,['PERFORMANCE COMPLIANCE ASSESSMENT'],['performance_compliance_assessment'],"☐Marketing claims	☐CE DoC (Self-Declared)	☐Other (if applicable): <If “Other” is selected, provide more information here.> ",☐,performance_compliance_assessment_marketing_claims_ce_doc_se_2,chk
94,checkbox,chk,chk,False,['PERFORMANCE COMPLIANCE ASSESSMENT'],['performance_compliance_assessment'],"☐Marketing claims	☐CE DoC (Self-Declared)	☐Other (if applicable): <If “Other” is selected, provide more information here.> ",☐,performance_compliance_assessment_marketing_claims_ce_doc_se_3,chk
95,combobox,,,,['PERFORMANCE COMPLIANCE ASSESSMENT'],['performance_compliance_assessment'],Testing Required: <Choose an item.>,<Choose an item.>,performance_compliance_assessment_testing_required_choose_an_it,PERFORMANCE COMPLIANCE ASSESSMENT
96,checkbox,chk,chk,False,['PERFORMANCE COMPLIANCE ASSESSMENT'],['performance_compliance_assessment'],☐Agency Report Revision	☐Revise Engineering Drawings/Documents	☐Revise Regulatory Documents (Cloud Drive),☐,performance_compliance_assessment_agency_report_revision_revise,chk
97,checkbox,chk,chk,False,['PERFORMANCE COMPLIANCE ASSESSMENT'],['performance_compliance_assessment'],☐Agency Report Revision	☐Revise Engineering Drawings/Documents	☐Revise Regulatory Documents (Cloud Drive),☐,performance_compliance_assessment_agency_report_revision_rev_2,chk
98,checkbox,chk,chk,False,['PERFORMANCE COMPLIANCE ASSESSMENT'],['performance_compliance_assessment'],☐Agency Report Revision	☐Revise Engineering Drawings/Documents	☐Revise Regulatory Documents (Cloud Drive),☐,performance_compliance_assessment_agency_report_revision_rev_3,chk
99,checkbox,chk,chk,False,['PERFORMANCE COMPLIANCE ASSESSMENT'],['performance_compliance_assessment'],☐Marketing claims are validated	☐ Marketing claims have not been validation,☐,performance_compliance_assessment_marketing_claims_are_validate,chk
100,checkbox,chk,chk,False,['PERFORMANCE COMPLIANCE ASSESSMENT'],['performance_compliance_assessment'],☐Marketing claims are validated	☐ Marketing claims have not been validation,☐,performance_compliance_assessment_marketing_claims_are_valid_2,chk
101,checkbox,chk,chk,False,['PERFORMANCE COMPLIANCE ASSESSMENT'],['performance_compliance_assessment'],"☐ Change impacts product, scope is defined as requiring a new project.",☐,performance_compliance_assessment_change_impacts_product_scope_,chk
102,checkbox,chk,chk,False,['PERFORMANCE COMPLIANCE ASSESSMENT'],['performance_compliance_assessment'],"☐Other (if applicable): <If “Other” is selected, provide more information here.>",☐,performance_compliance_assessment_other_if_applicable_if_other_,chk
103,checkbox,chk,chk,False,['PERFORMANCE COMPLIANCE ASSESSMENT'],['performance_compliance_assessment'],"☐CB of changes (ENERGY STAR, required if not testing)	☐Energy Star Team Leads (ENERGY STAR)",☐,performance_compliance_assessment_cb_of_changes_energy_star_req,chk
104,checkbox,chk,chk,False,['PERFORMANCE COMPLIANCE ASSESSMENT'],['performance_compliance_assessment'],"☐CB of changes (ENERGY STAR, required if not testing)	☐Energy Star Team Leads (ENERGY STAR)",☐,performance_compliance_assessment_cb_of_changes_energy_star__2,chk
105,checkbox,chk,chk,False,['PERFORMANCE COMPLIANCE ASSESSMENT'],['performance_compliance_assessment'],☐RA at Implementation Manufacturing Location	☐South Korean RA Team for in-country Testing,☐,performance_compliance_assessment_ra_at_implementation_manufact,chk
106,checkbox,chk,chk,False,['PERFORMANCE COMPLIANCE ASSESSMENT'],['performance_compliance_assessment'],☐RA at Implementation Manufacturing Location	☐South Korean RA Team for in-country Testing,☐,performance_compliance_assessment_ra_at_implementation_manuf_2,chk
107,checkbox,chk,chk,False,['PERFORMANCE COMPLIANCE ASSESSMENT'],['performance_compliance_assessment'],"☐Authorities of Product Changes where registered	☐Other (if applicable): <If “Other” is selected, provide more information here.>",☐,performance_compliance_assessment_authorities_of_product_change,chk
108,checkbox,chk,chk,False,['PERFORMANCE COMPLIANCE ASSESSMENT'],['performance_compliance_assessment'],"☐Authorities of Product Changes where registered	☐Other (if applicable): <If “Other” is selected, provide more information here.>",☐,performance_compliance_assessment_authorities_of_product_cha_2,chk
109,checkbox,chk,chk,False,"['DESIGN SAFETY, EMC, & WIRELESS COMPLIANCE ASSESSMENT']",['design_safety_emc_wireless_compliance_assessment'],"☐  The change does not impact the design safety, EMC, and/or wireless compliance. Like for like components (i.e., PCBA components) should still be evaluated to ensure the safety report has not been impacted.",☐,design_safety_emc_wireless_compliance_assessment_the_change_doe,chk
110,checkbox,chk,chk,False,"['DESIGN SAFETY, EMC, & WIRELESS COMPLIANCE ASSESSMENT']",['design_safety_emc_wireless_compliance_assessment'],"☐Does the change affect specs, listings, warnings, or text on critical components in compliance files?",☐,design_safety_emc_wireless_compliance_assessment_does_the_chang,chk
111,checkbox,chk,chk,False,"['DESIGN SAFETY, EMC, & WIRELESS COMPLIANCE ASSESSMENT']",['design_safety_emc_wireless_compliance_assessment'],☐Are the specs/ratings of the end product going to be changed? (power = re-evaluate markets),☐,design_safety_emc_wireless_compliance_assessment_are_the_specs_,chk
112,checkbox,chk,chk,False,"['DESIGN SAFETY, EMC, & WIRELESS COMPLIANCE ASSESSMENT']",['design_safety_emc_wireless_compliance_assessment'],"☐Are the specs/ratings of the product’s environment going to be changed? (Env. conditions, spacings, etc.)",☐,design_safety_emc_wireless_compliance_assessment_are_the_spe_2,chk
113,checkbox,chk,chk,False,"['DESIGN SAFETY, EMC, & WIRELESS COMPLIANCE ASSESSMENT']",['design_safety_emc_wireless_compliance_assessment'],☐Are the product features / use being impacted?,☐,design_safety_emc_wireless_compliance_assessment_are_the_produc,chk
114,checkbox,chk,chk,False,"['DESIGN SAFETY, EMC, & WIRELESS COMPLIANCE ASSESSMENT']",['design_safety_emc_wireless_compliance_assessment'],☐Are materials going to be changed (Keeping the same part number or not)?,☐,design_safety_emc_wireless_compliance_assessment_are_materials_,chk
115,checkbox,chk,chk,False,"['DESIGN SAFETY, EMC, & WIRELESS COMPLIANCE ASSESSMENT']",['design_safety_emc_wireless_compliance_assessment'],"☐Are labels, IFU, or customer facing information going to be changed?",☐,design_safety_emc_wireless_compliance_assessment_are_labels_ifu,chk
116,checkbox,chk,chk,False,"['DESIGN SAFETY, EMC, & WIRELESS COMPLIANCE ASSESSMENT']",['design_safety_emc_wireless_compliance_assessment'],☐Will the manufacturing location or applicant of the file need to change?,☐,design_safety_emc_wireless_compliance_assessment_will_the_manuf,chk
117,checkbox,chk,chk,False,"['DESIGN SAFETY, EMC, & WIRELESS COMPLIANCE ASSESSMENT']",['design_safety_emc_wireless_compliance_assessment'],☐ (Supplier change) Does the change impact split inspection locations and files? (Common for PCBA or enclosed subassemblies),☐,design_safety_emc_wireless_compliance_assessment_supplier_chang,chk
118,checkbox,chk,chk,False,"['DESIGN SAFETY, EMC, & WIRELESS COMPLIANCE ASSESSMENT']",['design_safety_emc_wireless_compliance_assessment'],☐Product currently has outdated testing or missing testing to the latest accepted requirements. Requested to add in scope of the current project.,☐,design_safety_emc_wireless_compliance_assessment_product_curren,chk
119,checkbox,chk,chk,False,"['DESIGN SAFETY, EMC, & WIRELESS COMPLIANCE ASSESSMENT']",['design_safety_emc_wireless_compliance_assessment'],"☐Other (if applicable): <If “Other” is selected, provide more information here.> ",☐,design_safety_emc_wireless_compliance_assessment_other_if_appli,chk
120,checkbox,chk,chk,False,"['DESIGN SAFETY, EMC, & WIRELESS COMPLIANCE ASSESSMENT']",['design_safety_emc_wireless_compliance_assessment'],"☐NRTL Listing, Report # <Insert Report Number>	☐EMC (EN report), Report # <Insert Report Number>",☐,design_safety_emc_wireless_compliance_assessment_nrtl_listing_r,chk
121,checkbox,chk,chk,False,"['DESIGN SAFETY, EMC, & WIRELESS COMPLIANCE ASSESSMENT']",['design_safety_emc_wireless_compliance_assessment'],"☐NRTL Listing, Report # <Insert Report Number>	☐EMC (EN report), Report # <Insert Report Number>",☐,design_safety_emc_wireless_compliance_assessment_nrtl_listin_2,chk
122,checkbox,chk,chk,False,"['DESIGN SAFETY, EMC, & WIRELESS COMPLIANCE ASSESSMENT']",['design_safety_emc_wireless_compliance_assessment'],"☐CB Safety, Report # <Insert Report Number>	☐FCC, Report # <Insert Report Number>",☐,design_safety_emc_wireless_compliance_assessment_cb_safety_repo,chk
123,checkbox,chk,chk,False,"['DESIGN SAFETY, EMC, & WIRELESS COMPLIANCE ASSESSMENT']",['design_safety_emc_wireless_compliance_assessment'],"☐CB Safety, Report # <Insert Report Number>	☐FCC, Report # <Insert Report Number>",☐,design_safety_emc_wireless_compliance_assessment_cb_safety_r_2,chk
124,checkbox,chk,chk,False,"['DESIGN SAFETY, EMC, & WIRELESS COMPLIANCE ASSESSMENT']",['design_safety_emc_wireless_compliance_assessment'],"☐Informative Safety, Report # <Insert Report Number>	☐ICES, Report # <Insert Report Number>",☐,design_safety_emc_wireless_compliance_assessment_informative_sa,chk
125,checkbox,chk,chk,False,"['DESIGN SAFETY, EMC, & WIRELESS COMPLIANCE ASSESSMENT']",['design_safety_emc_wireless_compliance_assessment'],"☐Informative Safety, Report # <Insert Report Number>	☐ICES, Report # <Insert Report Number>",☐,design_safety_emc_wireless_compliance_assessment_informative_2,chk
126,checkbox,chk,chk,False,"['DESIGN SAFETY, EMC, & WIRELESS COMPLIANCE ASSESSMENT']",['design_safety_emc_wireless_compliance_assessment'],"☐Wireless, Report # <Insert Report Number>",☐,design_safety_emc_wireless_compliance_assessment_wireless_repor,chk
127,checkbox,chk,chk,False,"['DESIGN SAFETY, EMC, & WIRELESS COMPLIANCE ASSESSMENT']",['design_safety_emc_wireless_compliance_assessment'],"☐Other: <If “Other” is selected, provide more information here.>, Report # <Insert Report Number>",☐,design_safety_emc_wireless_compliance_assessment_other_if_other,chk
128,checkbox,chk,chk,False,"['DESIGN SAFETY, EMC, & WIRELESS COMPLIANCE ASSESSMENT']",['design_safety_emc_wireless_compliance_assessment'],☐UL	☐CSA,☐,design_safety_emc_wireless_compliance_assessment_ul_csa_chk,chk
129,checkbox,chk,chk,False,"['DESIGN SAFETY, EMC, & WIRELESS COMPLIANCE ASSESSMENT']",['design_safety_emc_wireless_compliance_assessment'],☐UL	☐CSA,☐,design_safety_emc_wireless_compliance_assessment_ul_csa_chk_2,chk
130,checkbox,chk,chk,False,"['DESIGN SAFETY, EMC, & WIRELESS COMPLIANCE ASSESSMENT']",['design_safety_emc_wireless_compliance_assessment'],☐ETL	☐TUV,☐,design_safety_emc_wireless_compliance_assessment_etl_tuv_chk,chk
131,checkbox,chk,chk,False,"['DESIGN SAFETY, EMC, & WIRELESS COMPLIANCE ASSESSMENT']",['design_safety_emc_wireless_compliance_assessment'],☐ETL	☐TUV,☐,design_safety_emc_wireless_compliance_assessment_etl_tuv_chk_2,chk
132,checkbox,chk,chk,False,"['DESIGN SAFETY, EMC, & WIRELESS COMPLIANCE ASSESSMENT']",['design_safety_emc_wireless_compliance_assessment'],☐FCC / ICES	☐NSF,☐,design_safety_emc_wireless_compliance_assessment_fcc_ices_nsf_c,chk
133,checkbox,chk,chk,False,"['DESIGN SAFETY, EMC, & WIRELESS COMPLIANCE ASSESSMENT']",['design_safety_emc_wireless_compliance_assessment'],☐FCC / ICES	☐NSF,☐,design_safety_emc_wireless_compliance_assessment_fcc_ices_ns_2,chk
134,checkbox,chk,chk,False,"['DESIGN SAFETY, EMC, & WIRELESS COMPLIANCE ASSESSMENT']",['design_safety_emc_wireless_compliance_assessment'],☐IRAM-S,☐,design_safety_emc_wireless_compliance_assessment_iram_s_chk,chk
135,checkbox,chk,chk,False,"['DESIGN SAFETY, EMC, & WIRELESS COMPLIANCE ASSESSMENT']",['design_safety_emc_wireless_compliance_assessment'],☐INMETRO,☐,design_safety_emc_wireless_compliance_assessment_inmetro_chk,chk
136,checkbox,chk,chk,False,"['DESIGN SAFETY, EMC, & WIRELESS COMPLIANCE ASSESSMENT']",['design_safety_emc_wireless_compliance_assessment'],☐ANATEL,☐,design_safety_emc_wireless_compliance_assessment_anatel_chk,chk
137,checkbox,chk,chk,False,"['DESIGN SAFETY, EMC, & WIRELESS COMPLIANCE ASSESSMENT']",['design_safety_emc_wireless_compliance_assessment'],☐ S Mark,☐,design_safety_emc_wireless_compliance_assessment_s_mark_chk,chk
138,checkbox,chk,chk,False,"['DESIGN SAFETY, EMC, & WIRELESS COMPLIANCE ASSESSMENT']",['design_safety_emc_wireless_compliance_assessment'],☐CE DoC (Self-Declared),☐,design_safety_emc_wireless_compliance_assessment_ce_doc_self_de,chk
139,checkbox,chk,chk,False,"['DESIGN SAFETY, EMC, & WIRELESS COMPLIANCE ASSESSMENT']",['design_safety_emc_wireless_compliance_assessment'],☐CE DoC (EU NB),☐,design_safety_emc_wireless_compliance_assessment_ce_doc_eu_nb_c,chk
140,checkbox,chk,chk,False,"['DESIGN SAFETY, EMC, & WIRELESS COMPLIANCE ASSESSMENT']",['design_safety_emc_wireless_compliance_assessment'],☐UKCA	☐LNE,☐,design_safety_emc_wireless_compliance_assessment_ukca_lne_chk,chk
141,checkbox,chk,chk,False,"['DESIGN SAFETY, EMC, & WIRELESS COMPLIANCE ASSESSMENT']",['design_safety_emc_wireless_compliance_assessment'],☐UKCA	☐LNE,☐,design_safety_emc_wireless_compliance_assessment_ukca_lne_chk_2,chk
142,checkbox,chk,chk,False,"['DESIGN SAFETY, EMC, & WIRELESS COMPLIANCE ASSESSMENT']",['design_safety_emc_wireless_compliance_assessment'],☐GS	☐WEEE,☐,design_safety_emc_wireless_compliance_assessment_gs_weee_chk,chk
143,checkbox,chk,chk,False,"['DESIGN SAFETY, EMC, & WIRELESS COMPLIANCE ASSESSMENT']",['design_safety_emc_wireless_compliance_assessment'],☐GS	☐WEEE,☐,design_safety_emc_wireless_compliance_assessment_gs_weee_chk_2,chk
144,checkbox,chk,chk,False,"['DESIGN SAFETY, EMC, & WIRELESS COMPLIANCE ASSESSMENT']",['design_safety_emc_wireless_compliance_assessment'],☐KC Mark,☐,design_safety_emc_wireless_compliance_assessment_kc_mark_chk,chk
145,checkbox,chk,chk,False,"['DESIGN SAFETY, EMC, & WIRELESS COMPLIANCE ASSESSMENT']",['design_safety_emc_wireless_compliance_assessment'],☐ EAC,☐,design_safety_emc_wireless_compliance_assessment_eac_chk,chk
146,checkbox,chk,chk,False,"['DESIGN SAFETY, EMC, & WIRELESS COMPLIANCE ASSESSMENT']",['design_safety_emc_wireless_compliance_assessment'],☐Other: <Select “Other” if the mark/label is not listed above. Provide more information here.>,☐,design_safety_emc_wireless_compliance_assessment_other_select_o,chk
147,checkbox,chk,chk,False,"['DESIGN SAFETY, EMC, & WIRELESS COMPLIANCE ASSESSMENT']",['design_safety_emc_wireless_compliance_assessment'],☐FCC Declaration,☐,design_safety_emc_wireless_compliance_assessment_fcc_declaratio,chk
148,checkbox,chk,chk,False,"['DESIGN SAFETY, EMC, & WIRELESS COMPLIANCE ASSESSMENT']",['design_safety_emc_wireless_compliance_assessment'],☐CE DoC (Self-Declared),☐,design_safety_emc_wireless_compliance_assessment_ce_doc_self_2,chk
149,checkbox,chk,chk,False,"['DESIGN SAFETY, EMC, & WIRELESS COMPLIANCE ASSESSMENT']",['design_safety_emc_wireless_compliance_assessment'],☐CE DoC (EU NB),☐,design_safety_emc_wireless_compliance_assessment_ce_doc_eu_n_2,chk
150,checkbox,chk,chk,False,"['DESIGN SAFETY, EMC, & WIRELESS COMPLIANCE ASSESSMENT']",['design_safety_emc_wireless_compliance_assessment'],☐UKCA Declaration,☐,design_safety_emc_wireless_compliance_assessment_ukca_declarati,chk
151,checkbox,chk,chk,False,"['DESIGN SAFETY, EMC, & WIRELESS COMPLIANCE ASSESSMENT']",['design_safety_emc_wireless_compliance_assessment'],☐Other: <Select “Other” if the document is not listed above. Provide more information here.>,☐,design_safety_emc_wireless_compliance_assessment_other_selec_2,chk
152,combobox,,,,"['DESIGN SAFETY, EMC, & WIRELESS COMPLIANCE ASSESSMENT']",['design_safety_emc_wireless_compliance_assessment'],Testing Required: <Choose an item.>,<Choose an item.>,design_safety_emc_wireless_compliance_assessment_testing_requir,"DESIGN SAFETY, EMC, & WIRELESS COMPLIANCE ASSESSMENT"
153,checkbox,chk,chk,False,"['DESIGN SAFETY, EMC, & WIRELESS COMPLIANCE ASSESSMENT']",['design_safety_emc_wireless_compliance_assessment'],Impacted Documents:	☐No Update Required (justification within plan required)	☐Paperwork update only,☐,design_safety_emc_wireless_compliance_assessment_impacted_docum,chk
154,checkbox,chk,chk,False,"['DESIGN SAFETY, EMC, & WIRELESS COMPLIANCE ASSESSMENT']",['design_safety_emc_wireless_compliance_assessment'],Impacted Documents:	☐No Update Required (justification within plan required)	☐Paperwork update only,☐,design_safety_emc_wireless_compliance_assessment_impacted_do_2,chk
155,checkbox,chk,chk,False,"['DESIGN SAFETY, EMC, & WIRELESS COMPLIANCE ASSESSMENT']",['design_safety_emc_wireless_compliance_assessment'],"☐Registration with Agency required (FCC, etc.)	☐Revise Engineering Drawings/Documents (i.e., labels)",☐,design_safety_emc_wireless_compliance_assessment_registration_w,chk
156,checkbox,chk,chk,False,"['DESIGN SAFETY, EMC, & WIRELESS COMPLIANCE ASSESSMENT']",['design_safety_emc_wireless_compliance_assessment'],"☐Registration with Agency required (FCC, etc.)	☐Revise Engineering Drawings/Documents (i.e., labels)",☐,design_safety_emc_wireless_compliance_assessment_registratio_2,chk
157,checkbox,chk,chk,False,"['DESIGN SAFETY, EMC, & WIRELESS COMPLIANCE ASSESSMENT']",['design_safety_emc_wireless_compliance_assessment'],"☐Revise Regulatory Documents (i.e., declarations)	☐Re-evaluate market requirements due to changes.",☐,design_safety_emc_wireless_compliance_assessment_revise_regulat,chk
158,checkbox,chk,chk,False,"['DESIGN SAFETY, EMC, & WIRELESS COMPLIANCE ASSESSMENT']",['design_safety_emc_wireless_compliance_assessment'],"☐Revise Regulatory Documents (i.e., declarations)	☐Re-evaluate market requirements due to changes.",☐,design_safety_emc_wireless_compliance_assessment_revise_regu_2,chk
159,checkbox,chk,chk,False,"['DESIGN SAFETY, EMC, & WIRELESS COMPLIANCE ASSESSMENT']",['design_safety_emc_wireless_compliance_assessment'],☐Re-evaluate product requirements due to changes.	☐Re-evaluate process requirements due to changes.,☐,design_safety_emc_wireless_compliance_assessment_re_evaluate_pr,chk
160,checkbox,chk,chk,False,"['DESIGN SAFETY, EMC, & WIRELESS COMPLIANCE ASSESSMENT']",['design_safety_emc_wireless_compliance_assessment'],☐Re-evaluate product requirements due to changes.	☐Re-evaluate process requirements due to changes.,☐,design_safety_emc_wireless_compliance_assessment_re_evaluate_2,chk
161,checkbox,chk,chk,False,"['DESIGN SAFETY, EMC, & WIRELESS COMPLIANCE ASSESSMENT']",['design_safety_emc_wireless_compliance_assessment'],"☐Other: <If “Other” is selected, provide more information here.>",☐,design_safety_emc_wireless_compliance_assessment_other_if_ot_2,chk
162,checkbox,chk,chk,False,"['DESIGN SAFETY, EMC, & WIRELESS COMPLIANCE ASSESSMENT']",['design_safety_emc_wireless_compliance_assessment'],"☐Regional Leads if registered (i.e., Saudi SASO, KC Mark, Australian RCM)	☐RA at Implementation Manufacturing Location",☐,design_safety_emc_wireless_compliance_assessment_regional_leads,chk
163,checkbox,chk,chk,False,"['DESIGN SAFETY, EMC, & WIRELESS COMPLIANCE ASSESSMENT']",['design_safety_emc_wireless_compliance_assessment'],"☐Regional Leads if registered (i.e., Saudi SASO, KC Mark, Australian RCM)	☐RA at Implementation Manufacturing Location",☐,design_safety_emc_wireless_compliance_assessment_regional_le_2,chk
164,checkbox,chk,chk,False,"['DESIGN SAFETY, EMC, & WIRELESS COMPLIANCE ASSESSMENT']",['design_safety_emc_wireless_compliance_assessment'],"☐Authorities of Product Changes where registered	☐Other: <If “Other” is selected, provide more information here.>",☐,design_safety_emc_wireless_compliance_assessment_authorities_of,chk
165,checkbox,chk,chk,False,"['DESIGN SAFETY, EMC, & WIRELESS COMPLIANCE ASSESSMENT']",['design_safety_emc_wireless_compliance_assessment'],"☐Authorities of Product Changes where registered	☐Other: <If “Other” is selected, provide more information here.>",☐,design_safety_emc_wireless_compliance_assessment_authorities_2,chk
166,checkbox,chk,chk,False,['ENVIRONMENTAL ASSESSMENT'],['environmental_assessment'],"☐  The change does not impact the end product environmental compliance. (i.e., change is associated with documentation updates)",☐,environmental_assessment_the_change_does_not_impact_the_chk,chk
167,checkbox,chk,chk,False,['ENVIRONMENTAL ASSESSMENT'],['environmental_assessment'],☐Change adds new or removes any components from the product (BOM update),☐,environmental_assessment_change_adds_new_or_removes_any_chk,chk
168,checkbox,chk,chk,False,['ENVIRONMENTAL ASSESSMENT'],['environmental_assessment'],☐The supplier of a part number is changing,☐,environmental_assessment_the_supplier_of_a_part_number_chk,chk
169,checkbox,chk,chk,False,['ENVIRONMENTAL ASSESSMENT'],['environmental_assessment'],☐The manufacturing or internal part number is changing,☐,environmental_assessment_the_manufacturing_or_internal_part_num,chk
170,checkbox,chk,chk,False,['ENVIRONMENTAL ASSESSMENT'],['environmental_assessment'],☐End product impacted currently has an outdated BOM in Greensoft or BOM is not uploaded into GreenSoft. Requested to add in scope of the current project.,☐,environmental_assessment_end_product_impacted_currently_has_an_,chk
171,checkbox,chk,chk,False,['ENVIRONMENTAL ASSESSMENT'],['environmental_assessment'],"☐Other: <If “Other” is selected, provide more information here.>",☐,environmental_assessment_other_if_other_is_selected_provide_chk,chk
172,checkbox,chk,chk,False,['ENVIRONMENTAL ASSESSMENT'],['environmental_assessment'],☐GreenSoft Item Submission	☐GreenSoft BOM Upload Form	☐GreenSoft Customer Collected Documents Form,☐,environmental_assessment_greensoft_item_submission_greensoft_bo,chk
173,checkbox,chk,chk,False,['ENVIRONMENTAL ASSESSMENT'],['environmental_assessment'],☐GreenSoft Item Submission	☐GreenSoft BOM Upload Form	☐GreenSoft Customer Collected Documents Form,☐,environmental_assessment_greensoft_item_submission_greensoft_2,chk
174,checkbox,chk,chk,False,['ENVIRONMENTAL ASSESSMENT'],['environmental_assessment'],☐GreenSoft Item Submission	☐GreenSoft BOM Upload Form	☐GreenSoft Customer Collected Documents Form,☐,environmental_assessment_greensoft_item_submission_greensoft_3,chk
175,checkbox,chk,chk,False,['ENVIRONMENTAL ASSESSMENT'],['environmental_assessment'],"☐Other: <If “Other” is selected, provide more information here.>",☐,environmental_assessment_other_if_other_is_selected_provide__2,chk
176,checkbox,chk,chk,False,['ENVIRONMENTAL ASSESSMENT'],['environmental_assessment'],☐Prop65,☐,environmental_assessment_prop65_chk,chk
177,checkbox,chk,chk,False,['ENVIRONMENTAL ASSESSMENT'],['environmental_assessment'],☐FIFRA Pesticide (UV Lamp),☐,environmental_assessment_fifra_pesticide_uv_lamp_chk,chk
178,checkbox,chk,chk,False,['ENVIRONMENTAL ASSESSMENT'],['environmental_assessment'],☐WEEE,☐,environmental_assessment_weee_chk,chk
179,checkbox,chk,chk,False,['ENVIRONMENTAL ASSESSMENT'],['environmental_assessment'],☐WEEE	☐F-Gas,☐,environmental_assessment_weee_f_gas_chk,chk
180,checkbox,chk,chk,False,['ENVIRONMENTAL ASSESSMENT'],['environmental_assessment'],☐WEEE	☐F-Gas,☐,environmental_assessment_weee_f_gas_chk_2,chk
181,checkbox,chk,chk,False,['ENVIRONMENTAL ASSESSMENT'],['environmental_assessment'],☐PFAS,☐,environmental_assessment_pfas_chk,chk
182,checkbox,chk,chk,False,['ENVIRONMENTAL ASSESSMENT'],['environmental_assessment'],☐WEEE,☐,environmental_assessment_weee_chk_2,chk
183,checkbox,chk,chk,False,['ENVIRONMENTAL ASSESSMENT'],['environmental_assessment'],☐China RoHS (C-RoHS),☐,environmental_assessment_china_rohs_c_rohs_chk,chk
184,checkbox,chk,chk,False,['ENVIRONMENTAL ASSESSMENT'],['environmental_assessment'],☐Other: <Select “Other” if the mark/label is not listed above. Provide more information here.>,☐,environmental_assessment_other_select_other_if_the_mark_chk,chk
185,checkbox,chk,chk,False,['ENVIRONMENTAL ASSESSMENT'],['environmental_assessment'],☐Prop65 Declaration,☐,environmental_assessment_prop65_declaration_chk,chk
186,checkbox,chk,chk,False,['ENVIRONMENTAL ASSESSMENT'],['environmental_assessment'],☐FIFRA Pesticide Product Reporting (UV Lamp),☐,environmental_assessment_fifra_pesticide_product_reporting_uv_l,chk
187,checkbox,chk,chk,False,['ENVIRONMENTAL ASSESSMENT'],['environmental_assessment'],☐Montreal Protocol Declaration,☐,environmental_assessment_montreal_protocol_declaration_chk,chk
188,checkbox,chk,chk,False,['ENVIRONMENTAL ASSESSMENT'],['environmental_assessment'],☐REACH Declaration,☐,environmental_assessment_reach_declaration_chk,chk
189,checkbox,chk,chk,False,['ENVIRONMENTAL ASSESSMENT'],['environmental_assessment'],☐RoHS Declaration,☐,environmental_assessment_rohs_declaration_chk,chk
190,checkbox,chk,chk,False,['ENVIRONMENTAL ASSESSMENT'],['environmental_assessment'],☐F-Gas Declaration,☐,environmental_assessment_f_gas_declaration_chk,chk
191,checkbox,chk,chk,False,['ENVIRONMENTAL ASSESSMENT'],['environmental_assessment'],☐CE Declaration (Self-Declared),☐,environmental_assessment_ce_declaration_self_declared_chk,chk
192,checkbox,chk,chk,False,['ENVIRONMENTAL ASSESSMENT'],['environmental_assessment'],☐C-RoHS “Tic-Tac Table” Declaration,☐,environmental_assessment_c_rohs_tic_tac_table_declaration_chk,chk
193,checkbox,chk,chk,False,['ENVIRONMENTAL ASSESSMENT'],['environmental_assessment'],"☐Other: <Select “Other” if the document is not listed above. Provide more information here, ex. Coneg, PFAS.>",☐,environmental_assessment_other_select_other_if_the_document_chk,chk
194,combobox,,,,['ENVIRONMENTAL ASSESSMENT'],['environmental_assessment'],Testing Required: <Choose an item.>,<Choose an item.>,environmental_assessment_testing_required_choose_an_item_combo,ENVIRONMENTAL ASSESSMENT
195,checkbox,chk,chk,False,['ENVIRONMENTAL ASSESSMENT'],['environmental_assessment'],☐No Update Required	☐Upload GreenSoft Form(s)	☐Revise Engineering Drawings/Documents (labels),☐,environmental_assessment_no_update_required_upload_greensoft_fo,chk
196,checkbox,chk,chk,False,['ENVIRONMENTAL ASSESSMENT'],['environmental_assessment'],☐No Update Required	☐Upload GreenSoft Form(s)	☐Revise Engineering Drawings/Documents (labels),☐,environmental_assessment_no_update_required_upload_greensoft_2,chk
197,checkbox,chk,chk,False,['ENVIRONMENTAL ASSESSMENT'],['environmental_assessment'],☐No Update Required	☐Upload GreenSoft Form(s)	☐Revise Engineering Drawings/Documents (labels),☐,environmental_assessment_no_update_required_upload_greensoft_3,chk
198,checkbox,chk,chk,False,['ENVIRONMENTAL ASSESSMENT'],['environmental_assessment'],"☐Revise Regulatory Documents (i.e., declarations)",☐,environmental_assessment_revise_regulatory_documents_i_e_declar,chk
199,checkbox,chk,chk,False,['ENVIRONMENTAL ASSESSMENT'],['environmental_assessment'],"☐Change impacts product, scope is defined as requiring a new project.",☐,environmental_assessment_change_impacts_product_scope_is_define,chk
200,checkbox,chk,chk,False,['ENVIRONMENTAL ASSESSMENT'],['environmental_assessment'],"☐Other: <If “Other” is selected, provide more information here.>",☐,environmental_assessment_other_if_other_is_selected_provide__3,chk
201,checkbox,chk,chk,False,['ENVIRONMENTAL ASSESSMENT'],['environmental_assessment'],"☐EPA Lead if registered (FIFRA)	☐GreenSoft User to load GreenSoft BOM changes (i.e., component or supplier change – site: GS Submission)",☐,environmental_assessment_epa_lead_if_registered_fifra_greensoft,chk
202,checkbox,chk,chk,False,['ENVIRONMENTAL ASSESSMENT'],['environmental_assessment'],"☐EPA Lead if registered (FIFRA)	☐GreenSoft User to load GreenSoft BOM changes (i.e., component or supplier change – site: GS Submission)",☐,environmental_assessment_epa_lead_if_registered_fifra_greens_2,chk
203,checkbox,chk,chk,False,['ENVIRONMENTAL ASSESSMENT'],['environmental_assessment'],"☐Other: <If “Other” is selected, provide more information here.>",☐,environmental_assessment_other_if_other_is_selected_provide__4,chk
204,checkbox,,,False,['MEDICAL ASSESSMENT'],['medical_assessment'],"PART A SAFETY, COMPATIBILITY, EFFECTIVENESS",P,medical_assessment_part_a_safety_compatibility_effectiveness_ch,MEDICAL ASSESSMENT
205,checkbox,chk,chk,False,['MEDICAL ASSESSMENT'],['medical_assessment'],"☐Will the change affect the safety, compatibility, or effectiveness of the device?",☐,medical_assessment_will_the_change_affect_the_safety_chk,chk
206,checkbox,chk,chk,False,['MEDICAL ASSESSMENT'],['medical_assessment'],"☐Will the technology, engineering design, or performance of the device or packaging change?",☐,medical_assessment_will_the_technology_engineering_design_or_ch,chk
207,checkbox,chk,chk,False,['MEDICAL ASSESSMENT'],['medical_assessment'],"☐Is the change introducing a new material, or alternate component, or is it a supplier change?",☐,medical_assessment_is_the_change_introducing_a_new_chk,chk
208,checkbox,chk,chk,False,['MEDICAL ASSESSMENT'],['medical_assessment'],☐Does the change include or impact the product’s Intended use?,☐,medical_assessment_does_the_change_include_or_impact_chk,chk
209,checkbox,chk,chk,False,['MEDICAL ASSESSMENT'],['medical_assessment'],"☐Does the change introduce new risks of harm to humans, property, or the environment?",☐,medical_assessment_does_the_change_introduce_new_risks_chk,chk
210,checkbox,chk,chk,False,['MEDICAL ASSESSMENT'],['medical_assessment'],☐Will the change affect the standards this product relies upon?,☐,medical_assessment_will_the_change_affect_the_standards_chk,chk
211,checkbox,chk,chk,False,['MEDICAL ASSESSMENT'],['medical_assessment'],☐Is there another registration classification that this product will align to? <Provide more information here.>,☐,medical_assessment_is_there_another_registration_classification,chk
212,checkbox,chk,chk,False,['MEDICAL ASSESSMENT'],['medical_assessment'],"☐Will the change affect product, packaging, electronic literature, or labelling?",☐,medical_assessment_will_the_change_affect_product_packaging_chk,chk
213,checkbox,chk,chk,False,['MEDICAL ASSESSMENT'],['medical_assessment'],☐ IFU/User Manual	☐Service Manual	☐Translation(s)	☐Technical Data Sheets,☐,medical_assessment_ifu_user_manual_service_manual_translation_c,chk
214,checkbox,chk,chk,False,['MEDICAL ASSESSMENT'],['medical_assessment'],☐ IFU/User Manual	☐Service Manual	☐Translation(s)	☐Technical Data Sheets,☐,medical_assessment_ifu_user_manual_service_manual_translatio_2,chk
215,checkbox,chk,chk,False,['MEDICAL ASSESSMENT'],['medical_assessment'],☐ IFU/User Manual	☐Service Manual	☐Translation(s)	☐Technical Data Sheets,☐,medical_assessment_ifu_user_manual_service_manual_translatio_3,chk
216,checkbox,chk,chk,False,['MEDICAL ASSESSMENT'],['medical_assessment'],☐ IFU/User Manual	☐Service Manual	☐Translation(s)	☐Technical Data Sheets,☐,medical_assessment_ifu_user_manual_service_manual_translatio_4,chk
217,checkbox,chk,chk,False,['MEDICAL ASSESSMENT'],['medical_assessment'],"☐ESI/Quick Start Guide	☐Marketing Material	☐Other: <If “Other” is selected, provide more information here.>",☐,medical_assessment_esi_quick_start_guide_marketing_material_chk,chk
218,checkbox,chk,chk,False,['MEDICAL ASSESSMENT'],['medical_assessment'],"☐ESI/Quick Start Guide	☐Marketing Material	☐Other: <If “Other” is selected, provide more information here.>",☐,medical_assessment_esi_quick_start_guide_marketing_material__2,chk
219,checkbox,chk,chk,False,['MEDICAL ASSESSMENT'],['medical_assessment'],"☐ESI/Quick Start Guide	☐Marketing Material	☐Other: <If “Other” is selected, provide more information here.>",☐,medical_assessment_esi_quick_start_guide_marketing_material__3,chk
220,checkbox,chk,chk,False,['MEDICAL ASSESSMENT'],['medical_assessment'],☐Change in label material	☐Marking(s)	☐Indication of Use	☐e-IFU section,☐,medical_assessment_change_in_label_material_marking_s_chk,chk
221,checkbox,chk,chk,False,['MEDICAL ASSESSMENT'],['medical_assessment'],☐Change in label material	☐Marking(s)	☐Indication of Use	☐e-IFU section,☐,medical_assessment_change_in_label_material_marking_s_chk_2,chk
222,checkbox,chk,chk,False,['MEDICAL ASSESSMENT'],['medical_assessment'],☐Change in label material	☐Marking(s)	☐Indication of Use	☐e-IFU section,☐,medical_assessment_change_in_label_material_marking_s_chk_3,chk
223,checkbox,chk,chk,False,['MEDICAL ASSESSMENT'],['medical_assessment'],☐Change in label material	☐Marking(s)	☐Indication of Use	☐e-IFU section,☐,medical_assessment_change_in_label_material_marking_s_chk_4,chk
224,checkbox,chk,chk,False,['MEDICAL ASSESSMENT'],['medical_assessment'],"☐Other: <If “Other” is selected, provide more information here.>",☐,medical_assessment_other_if_other_is_selected_provide_chk,chk
225,checkbox,chk,chk,False,['MEDICAL ASSESSMENT'],['medical_assessment'],☐Intended Use	☐Translation(s)	☐Change in specs/ratings	☐Change in the warnings/precautions,☐,medical_assessment_intended_use_translation_s_change_in_chk,chk
226,checkbox,chk,chk,False,['MEDICAL ASSESSMENT'],['medical_assessment'],☐Intended Use	☐Translation(s)	☐Change in specs/ratings	☐Change in the warnings/precautions,☐,medical_assessment_intended_use_translation_s_change_in_chk_2,chk
227,checkbox,chk,chk,False,['MEDICAL ASSESSMENT'],['medical_assessment'],☐Intended Use	☐Translation(s)	☐Change in specs/ratings	☐Change in the warnings/precautions,☐,medical_assessment_intended_use_translation_s_change_in_chk_3,chk
228,checkbox,chk,chk,False,['MEDICAL ASSESSMENT'],['medical_assessment'],☐Intended Use	☐Translation(s)	☐Change in specs/ratings	☐Change in the warnings/precautions,☐,medical_assessment_intended_use_translation_s_change_in_chk_4,chk
229,checkbox,chk,chk,False,['MEDICAL ASSESSMENT'],['medical_assessment'],"☐Other: <If “Other” is selected, provide more information here.>",☐,medical_assessment_other_if_other_is_selected_provide_chk_2,chk
230,checkbox,chk,chk,False,['MEDICAL ASSESSMENT'],['medical_assessment'],"☐ Will the technology, engineering design, performance of the device, or packaging change?",☐,medical_assessment_will_the_technology_engineering_design_perfo,chk
231,checkbox,chk,chk,False,['MEDICAL ASSESSMENT'],['medical_assessment'],"☐Change in control mechanism, operating principle or energy type?",☐,medical_assessment_change_in_control_mechanism_operating_princi,chk
232,checkbox,chk,chk,False,['MEDICAL ASSESSMENT'],['medical_assessment'],☐Does the change impact the Product Requirements?,☐,medical_assessment_does_the_change_impact_the_product_chk,chk
233,checkbox,chk,chk,False,['MEDICAL ASSESSMENT'],['medical_assessment'],"☐Does the change impact a component that is subjected to sterilization, cleaning, or disinfection?",☐,medical_assessment_does_the_change_impact_a_component_chk,chk
234,checkbox,chk,chk,False,['MEDICAL ASSESSMENT'],['medical_assessment'],"☐Does the change to the part require that sterilization validation, cleaning validation, or disinfection validation should be repeated?",☐,medical_assessment_does_the_change_to_the_part_chk,chk
235,checkbox,chk,chk,False,['MEDICAL ASSESSMENT'],['medical_assessment'],☐Does the change affect the performance or accuracy of the device?,☐,medical_assessment_does_the_change_affect_the_performance_chk,chk
236,checkbox,chk,chk,False,['MEDICAL ASSESSMENT'],['medical_assessment'],"☐Does the change involve a component, software/firmware item or other part responsible for the product achieving its intended use?",☐,medical_assessment_does_the_change_involve_a_component_chk,chk
237,checkbox,chk,chk,False,['MEDICAL ASSESSMENT'],['medical_assessment'],☐Change in packaging design?,☐,medical_assessment_change_in_packaging_design_chk,chk
238,checkbox,chk,chk,False,['MEDICAL ASSESSMENT'],['medical_assessment'],☐Change uses the same technology and classification as described in a previously cleared 510(k) or 510(k) exempt version?,☐,medical_assessment_change_uses_the_same_technology_and_chk,chk
239,checkbox,chk,chk,False,['MEDICAL ASSESSMENT'],['medical_assessment'],"☐Does the change impact safety critical (i.e., 61010, EMC), critical to quality, critical to performance components? (See ENG016, CTT Business Unit Engineering Change Control Process procedure for definitions.)",☐,medical_assessment_does_the_change_impact_safety_critical_chk,chk
240,checkbox,chk,chk,False,['MEDICAL ASSESSMENT'],['medical_assessment'],☐Does the change affect the intended use of the device?,☐,medical_assessment_does_the_change_affect_the_intended_chk,chk
241,checkbox,chk,chk,False,['MEDICAL ASSESSMENT'],['medical_assessment'],☐Risk-based assessment of the changed device identify any new risks or significantly modified existing risks?,☐,medical_assessment_risk_based_assessment_of_the_changed_chk,chk
242,checkbox,chk,chk,False,['MEDICAL ASSESSMENT'],['medical_assessment'],☐Is clinical data necessary to evaluate the safety or effectiveness for purposes of design validation?,☐,medical_assessment_is_clinical_data_necessary_to_evaluate_chk,chk
243,checkbox,chk,chk,False,['MEDICAL ASSESSMENT'],['medical_assessment'],"☐Is the change introducing a new material, alternate component, or is it a supplier change?",☐,medical_assessment_is_the_change_introducing_a_new_chk_2,chk
244,checkbox,chk,chk,False,['MEDICAL ASSESSMENT'],['medical_assessment'],"☐Is this a change in material type, material formulation, chemical composition, or the material’s processing?",☐,medical_assessment_is_this_a_change_in_material_chk,chk
245,checkbox,chk,chk,False,['MEDICAL ASSESSMENT'],['medical_assessment'],☐Will the changed material directly or indirectly contact body tissues or fluids (Including operators and service)?,☐,medical_assessment_will_the_changed_material_directly_or_chk,chk
246,checkbox,chk,chk,False,['MEDICAL ASSESSMENT'],['medical_assessment'],☐Does a risk assessment identify any new or increased biocompatibility concerns?,☐,medical_assessment_does_a_risk_assessment_identify_any_chk,chk
247,checkbox,chk,chk,False,['MEDICAL ASSESSMENT'],['medical_assessment'],☐Has the manufacturer used the same material in a similar legally marketed device?,☐,medical_assessment_has_the_manufacturer_used_the_same_chk,chk
248,checkbox,chk,chk,False,['MEDICAL ASSESSMENT'],['medical_assessment'],☐Could the change affect the device’s performance specifications?,☐,medical_assessment_could_the_change_affect_the_device_chk,chk
249,checkbox,chk,chk,False,['MEDICAL ASSESSMENT'],['medical_assessment'],☐Does the supplier change impact split inspection locations and files? (Common for PCBA or enclosed subassemblies),☐,medical_assessment_does_the_supplier_change_impact_split_chk,chk
250,checkbox,chk,chk,False,['MEDICAL ASSESSMENT'],['medical_assessment'],☐Does the supplier change affect critical components in compliance files?,☐,medical_assessment_does_the_supplier_change_affect_critical_chk,chk
251,checkbox,chk,chk,False,['MEDICAL ASSESSMENT'],['medical_assessment'],☐Is there a change to product software or firmware?,☐,medical_assessment_is_there_a_change_to_product_chk,chk
252,checkbox,chk,chk,False,['MEDICAL ASSESSMENT'],['medical_assessment'],☐Does the SW Change impact the SW documentation? (as applicable SW QAPs/SOPs for AVL / MAR sites),☐,medical_assessment_does_the_sw_change_impact_the_chk,chk
253,checkbox,chk,chk,False,['MEDICAL ASSESSMENT'],['medical_assessment'],☐Does the SW Change include a security patch related to a known vulnerability?,☐,medical_assessment_does_the_sw_change_include_a_chk,chk
254,checkbox,chk,chk,False,['MEDICAL ASSESSMENT'],['medical_assessment'],☐Is the SW Change made solely to return the system into specification of the most recently cleared device?,☐,medical_assessment_is_the_sw_change_made_solely_chk,chk
255,checkbox,chk,chk,False,['MEDICAL ASSESSMENT'],['medical_assessment'],☐Does the SW change introduce a new risk or modify an existing risk?,☐,medical_assessment_does_the_sw_change_introduce_a_chk,chk
256,checkbox,chk,chk,False,['MEDICAL ASSESSMENT'],['medical_assessment'],☐Does the change create or necessitate a new risk control measure or a modification of an existing risk control measure for a hazardous situation that could result in significant harm?,☐,medical_assessment_does_the_change_create_or_necessitate_chk,chk
257,checkbox,chk,chk,False,['MEDICAL ASSESSMENT'],['medical_assessment'],☐Could the change impact functionality or performance specifications that are directly associated with the intended use or safety the device?,☐,medical_assessment_could_the_change_impact_functionality_or_chk,chk
258,checkbox,chk,chk,False,['MEDICAL ASSESSMENT'],['medical_assessment'],"☐Are there additional software factors that may affect the decision to file? (e.g., Infrastructure, Architecture, Core algorithm, Re-engineering and refactoring etc.)",☐,medical_assessment_are_there_additional_software_factors_that_c,chk
259,checkbox,chk,chk,False,['MEDICAL ASSESSMENT'],['medical_assessment'],☐USA: FDA 510(K) Exempt,☐,medical_assessment_usa_fda_510_k_exempt_chk,chk
260,checkbox,chk,chk,False,['MEDICAL ASSESSMENT'],['medical_assessment'],☐USA: FDA 510(K),☐,medical_assessment_usa_fda_510_k_chk,chk
261,checkbox,chk,chk,False,['MEDICAL ASSESSMENT'],['medical_assessment'],☐Canada: MDSAP,☐,medical_assessment_canada_mdsap_chk,chk
262,checkbox,chk,chk,False,['MEDICAL ASSESSMENT'],['medical_assessment'],☐Mexico: COFEPRIS,☐,medical_assessment_mexico_cofepris_chk,chk
263,checkbox,chk,chk,False,['MEDICAL ASSESSMENT'],['medical_assessment'],☐Argentina: ANMAT,☐,medical_assessment_argentina_anmat_chk,chk
264,checkbox,chk,chk,False,['MEDICAL ASSESSMENT'],['medical_assessment'],☐Brazil: ANVISA,☐,medical_assessment_brazil_anvisa_chk,chk
265,checkbox,chk,chk,False,['MEDICAL ASSESSMENT'],['medical_assessment'],☐Brazil: INMETRO,☐,medical_assessment_brazil_inmetro_chk,chk
266,checkbox,chk,chk,False,['MEDICAL ASSESSMENT'],['medical_assessment'],☐Columbia: INVIMA,☐,medical_assessment_columbia_invima_chk,chk
267,checkbox,chk,chk,False,['MEDICAL ASSESSMENT'],['medical_assessment'],☐Costa Rica: MoH,☐,medical_assessment_costa_rica_moh_chk,chk
268,checkbox,chk,chk,False,['MEDICAL ASSESSMENT'],['medical_assessment'],☐Ecuador: ARCSA,☐,medical_assessment_ecuador_arcsa_chk,chk
269,checkbox,chk,chk,False,['MEDICAL ASSESSMENT'],['medical_assessment'],☐El Salvador: DNM,☐,medical_assessment_el_salvador_dnm_chk,chk
270,checkbox,chk,chk,False,['MEDICAL ASSESSMENT'],['medical_assessment'],☐Guatemala: MSPAS,☐,medical_assessment_guatemala_mspas_chk,chk
271,checkbox,chk,chk,False,['MEDICAL ASSESSMENT'],['medical_assessment'],☐Nicaragua: MINSA,☐,medical_assessment_nicaragua_minsa_chk,chk
272,checkbox,chk,chk,False,['MEDICAL ASSESSMENT'],['medical_assessment'],☐Panama: MINSA / MoH,☐,medical_assessment_panama_minsa_moh_chk,chk
273,checkbox,chk,chk,False,['MEDICAL ASSESSMENT'],['medical_assessment'],☐Peru: MINSA,☐,medical_assessment_peru_minsa_chk,chk
274,checkbox,chk,chk,False,['MEDICAL ASSESSMENT'],['medical_assessment'],☐EU: CE (NB),☐,medical_assessment_eu_ce_nb_chk,chk
275,checkbox,chk,chk,False,['MEDICAL ASSESSMENT'],['medical_assessment'],☐UK: MHRA,☐,medical_assessment_uk_mhra_chk,chk
276,checkbox,chk,chk,False,['MEDICAL ASSESSMENT'],['medical_assessment'],☐UK: UKCA (NB),☐,medical_assessment_uk_ukca_nb_chk,chk
277,checkbox,chk,chk,False,['MEDICAL ASSESSMENT'],['medical_assessment'],☐UK: UKCA,☐,medical_assessment_uk_ukca_chk,chk
278,checkbox,chk,chk,False,['MEDICAL ASSESSMENT'],['medical_assessment'],☐Iceland: IMA,☐,medical_assessment_iceland_ima_chk,chk
279,checkbox,chk,chk,False,['MEDICAL ASSESSMENT'],['medical_assessment'],☐Israel: MoH,☐,medical_assessment_israel_moh_chk,chk
280,checkbox,chk,chk,False,['MEDICAL ASSESSMENT'],['medical_assessment'],☐Egypt: EDA,☐,medical_assessment_egypt_eda_chk,chk
281,checkbox,chk,chk,False,['MEDICAL ASSESSMENT'],['medical_assessment'],☐Saudi Arabia: SFDA,☐,medical_assessment_saudi_arabia_sfda_chk,chk
282,checkbox,chk,chk,False,['MEDICAL ASSESSMENT'],['medical_assessment'],☐Turkey: TITCK,☐,medical_assessment_turkey_titck_chk,chk
283,checkbox,chk,chk,False,['MEDICAL ASSESSMENT'],['medical_assessment'],☐Norway: NoMA,☐,medical_assessment_norway_noma_chk,chk
284,checkbox,chk,chk,False,['MEDICAL ASSESSMENT'],['medical_assessment'],☐Serbia: ALIMS,☐,medical_assessment_serbia_alims_chk,chk
285,checkbox,chk,chk,False,['MEDICAL ASSESSMENT'],['medical_assessment'],☐Ukraine: SMDC,☐,medical_assessment_ukraine_smdc_chk,chk
286,checkbox,chk,chk,False,['MEDICAL ASSESSMENT'],['medical_assessment'],☐Morocco: DMP,☐,medical_assessment_morocco_dmp_chk,chk
287,checkbox,chk,chk,False,['MEDICAL ASSESSMENT'],['medical_assessment'],☐China: NMPA,☐,medical_assessment_china_nmpa_chk,chk
288,checkbox,chk,chk,False,['MEDICAL ASSESSMENT'],['medical_assessment'],☐Malaysia: MDA,☐,medical_assessment_malaysia_mda_chk,chk
289,checkbox,chk,chk,False,['MEDICAL ASSESSMENT'],['medical_assessment'],☐South Korea: MFDS,☐,medical_assessment_south_korea_mfds_chk,chk
290,checkbox,chk,chk,False,['MEDICAL ASSESSMENT'],['medical_assessment'],☐Taiwan: TFDA,☐,medical_assessment_taiwan_tfda_chk,chk
291,checkbox,chk,chk,False,['MEDICAL ASSESSMENT'],['medical_assessment'],☐India: CDSCO,☐,medical_assessment_india_cdsco_chk,chk
292,checkbox,chk,chk,False,['MEDICAL ASSESSMENT'],['medical_assessment'],☐Singapore: HSA,☐,medical_assessment_singapore_hsa_chk,chk
293,checkbox,chk,chk,False,['MEDICAL ASSESSMENT'],['medical_assessment'],☐Japan: PMDA,☐,medical_assessment_japan_pmda_chk,chk
294,checkbox,chk,chk,False,['MEDICAL ASSESSMENT'],['medical_assessment'],☐Australia: TGA,☐,medical_assessment_australia_tga_chk,chk
295,checkbox,chk,chk,False,['MEDICAL ASSESSMENT'],['medical_assessment'],☐Hong Kong: MCO,☐,medical_assessment_hong_kong_mco_chk,chk
296,checkbox,chk,chk,False,['MEDICAL ASSESSMENT'],['medical_assessment'],☐Indonesia: MoH,☐,medical_assessment_indonesia_moh_chk,chk
297,checkbox,chk,chk,False,['MEDICAL ASSESSMENT'],['medical_assessment'],☐New Zealand: MEDSAFE,☐,medical_assessment_new_zealand_medsafe_chk,chk
298,checkbox,chk,chk,False,['MEDICAL ASSESSMENT'],['medical_assessment'],☐Other: <Select “Other” if the approval/registration is not listed above. Provide more information here.>,☐,medical_assessment_other_select_other_if_the_approval_chk,chk
299,checkbox,chk,chk,False,['MEDICAL ASSESSMENT'],['medical_assessment'],"☐IEC 60601 Report(s), Report # <Insert Report Number>	☐ILAC/IAAC Report, Report # <Insert Report Number>",☐,medical_assessment_iec_60601_report_s_report_insert_chk,chk
300,checkbox,chk,chk,False,['MEDICAL ASSESSMENT'],['medical_assessment'],"☐IEC 60601 Report(s), Report # <Insert Report Number>	☐ILAC/IAAC Report, Report # <Insert Report Number>",☐,medical_assessment_iec_60601_report_s_report_insert_chk_2,chk
301,checkbox,chk,chk,False,['MEDICAL ASSESSMENT'],['medical_assessment'],"☐ IEC 61010 Report(s), Report # <Insert Report Number>	☐CB Scheme Report, Report # <Insert Report Number>",☐,medical_assessment_iec_61010_report_s_report_insert_chk,chk
302,checkbox,chk,chk,False,['MEDICAL ASSESSMENT'],['medical_assessment'],"☐ IEC 61010 Report(s), Report # <Insert Report Number>	☐CB Scheme Report, Report # <Insert Report Number>",☐,medical_assessment_iec_61010_report_s_report_insert_chk_2,chk
303,checkbox,chk,chk,False,['MEDICAL ASSESSMENT'],['medical_assessment'],"☐Other: <Select “Other” if the report is not listed above. Provide more information here>, Report # <Insert Report Number>",☐,medical_assessment_other_select_other_if_the_report_chk,chk
304,checkbox,chk,chk,False,['MEDICAL ASSESSMENT'],['medical_assessment'],☐UDI	☐CE (EU NB)	 ☐  Packaging/Shipping Labels	☐  Product Label,☐,medical_assessment_udi_ce_eu_nb_packaging_shipping_chk,chk
305,checkbox,chk,chk,False,['MEDICAL ASSESSMENT'],['medical_assessment'],☐UDI	☐CE (EU NB)	 ☐  Packaging/Shipping Labels	☐  Product Label,☐,medical_assessment_udi_ce_eu_nb_packaging_shipping_chk_2,chk
306,checkbox,chk,chk,False,['MEDICAL ASSESSMENT'],['medical_assessment'],☐UDI	☐CE (EU NB)	 ☐  Packaging/Shipping Labels	☐  Product Label,☐,medical_assessment_udi_ce_eu_nb_packaging_shipping_chk_3,chk
307,checkbox,chk,chk,False,['MEDICAL ASSESSMENT'],['medical_assessment'],☐UDI	☐CE (EU NB)	 ☐  Packaging/Shipping Labels	☐  Product Label,☐,medical_assessment_udi_ce_eu_nb_packaging_shipping_chk_4,chk
308,checkbox,chk,chk,False,['MEDICAL ASSESSMENT'],['medical_assessment'],"☐  Other: <If “Other” is selected, provide more information here.>",☐,medical_assessment_other_if_other_is_selected_provide_chk_3,chk
309,combobox,,,,['MEDICAL ASSESSMENT'],['medical_assessment'],Testing Required: <Choose an item.>,<Choose an item.>,medical_assessment_testing_required_choose_an_item_combo,MEDICAL ASSESSMENT
310,combobox,,,,['MEDICAL ASSESSMENT'],['medical_assessment'],Registration Impact: <Choose an item.>,<Choose an item.>,medical_assessment_registration_impact_choose_an_item_combo,MEDICAL ASSESSMENT
311,checkbox,chk,chk,False,['MEDICAL ASSESSMENT'],['medical_assessment'],☐Verify Intended Use consistency	☐Verify changes documented in TF / DHF	☐Verify changes are documented in DMR,☐,medical_assessment_verify_intended_use_consistency_verify_chang,chk
312,checkbox,chk,chk,False,['MEDICAL ASSESSMENT'],['medical_assessment'],☐Verify Intended Use consistency	☐Verify changes documented in TF / DHF	☐Verify changes are documented in DMR,☐,medical_assessment_verify_intended_use_consistency_verify_ch_2,chk
313,checkbox,chk,chk,False,['MEDICAL ASSESSMENT'],['medical_assessment'],☐Verify Intended Use consistency	☐Verify changes documented in TF / DHF	☐Verify changes are documented in DMR,☐,medical_assessment_verify_intended_use_consistency_verify_ch_3,chk
314,checkbox,chk,chk,False,['MEDICAL ASSESSMENT'],['medical_assessment'],☐Submit to EU NB	☐Submit and Update TF / DHF	☐Verify 510k for change impact,☐,medical_assessment_submit_to_eu_nb_submit_and_chk,chk
315,checkbox,chk,chk,False,['MEDICAL ASSESSMENT'],['medical_assessment'],☐Submit to EU NB	☐Submit and Update TF / DHF	☐Verify 510k for change impact,☐,medical_assessment_submit_to_eu_nb_submit_and_chk_2,chk
316,checkbox,chk,chk,False,['MEDICAL ASSESSMENT'],['medical_assessment'],☐Submit to EU NB	☐Submit and Update TF / DHF	☐Verify 510k for change impact,☐,medical_assessment_submit_to_eu_nb_submit_and_chk_3,chk
317,checkbox,chk,chk,False,['MEDICAL ASSESSMENT'],['medical_assessment'],"☐Other: <If “Other” is selected, provide more information here.>",☐,medical_assessment_other_if_other_is_selected_provide_chk_4,chk
318,checkbox,chk,chk,False,['MEDICAL ASSESSMENT'],['medical_assessment'],☐Regional RA Lead(s)	☐FDA Correspondent(s)	☐EU PRR(s)	☐Notify RA at Implementation Manufacturing Location,☐,medical_assessment_regional_ra_lead_s_fda_correspondent_chk,chk
319,checkbox,chk,chk,False,['MEDICAL ASSESSMENT'],['medical_assessment'],☐Regional RA Lead(s)	☐FDA Correspondent(s)	☐EU PRR(s)	☐Notify RA at Implementation Manufacturing Location,☐,medical_assessment_regional_ra_lead_s_fda_correspondent_chk_2,chk
320,checkbox,chk,chk,False,['MEDICAL ASSESSMENT'],['medical_assessment'],☐Regional RA Lead(s)	☐FDA Correspondent(s)	☐EU PRR(s)	☐Notify RA at Implementation Manufacturing Location,☐,medical_assessment_regional_ra_lead_s_fda_correspondent_chk_3,chk
321,checkbox,chk,chk,False,['MEDICAL ASSESSMENT'],['medical_assessment'],☐Regional RA Lead(s)	☐FDA Correspondent(s)	☐EU PRR(s)	☐Notify RA at Implementation Manufacturing Location,☐,medical_assessment_regional_ra_lead_s_fda_correspondent_chk_4,chk
322,checkbox,chk,chk,False,['MEDICAL ASSESSMENT'],['medical_assessment'],"☐Notify Authorities of Product Changes where registered	☐Other: <If “Other” is selected, provide more information here.>",☐,medical_assessment_notify_authorities_of_product_changes_where_,chk
323,checkbox,chk,chk,False,['MEDICAL ASSESSMENT'],['medical_assessment'],"☐Notify Authorities of Product Changes where registered	☐Other: <If “Other” is selected, provide more information here.>",☐,medical_assessment_notify_authorities_of_product_changes_whe_2,chk
324,date,,,,['MEDICAL ASSESSMENT'],['medical_assessment'],<Click or tap to enter a date.>,<Click or tap to enter a date.>,medical_assessment_click_or_tap_to_enter_a_date,MEDICAL ASSESSMENT
325,date,,,,['MEDICAL ASSESSMENT'],['medical_assessment'],<Click or tap to enter a date.>,<Click or tap to enter a date.>,medical_assessment_click_or_tap_to_enter_a_date_2,MEDICAL ASSESSMENT
326,combobox,,,,['MEDICAL ASSESSMENT'],['medical_assessment'],(Medical Only) Did any Design verification and/or validation activities produce any unexpected issues of safety or effectiveness? <Choose an item.>,<Choose an item.>,medical_assessment_medical_only_did_any_design_verification_com,MEDICAL ASSESSMENT
327,checkbox,chk,chk,False,['MEDICAL ASSESSMENT'],['medical_assessment'],"☐All affected reports were verified for change accuracy (CCL, models covered, content, etc.) and all documentation is stored in the Technical File (TF) of the product.",☐,medical_assessment_all_affected_reports_were_verified_for_chk,chk
328,checkbox,chk,chk,False,['MEDICAL ASSESSMENT'],['medical_assessment'],☐Not a Medical Device,☐,medical_assessment_not_a_medical_device_chk,chk
329,date,,,,['MEDICAL ASSESSMENT'],['medical_assessment'],<Click or tap to enter a date.>,<Click or tap to enter a date.>,medical_assessment_click_or_tap_to_enter_a_date_3,MEDICAL ASSESSMENT
330,date,,,,['MEDICAL ASSESSMENT'],['medical_assessment'],<Click or tap to enter a date.>,<Click or tap to enter a date.>,medical_assessment_click_or_tap_to_enter_a_date_4,MEDICAL ASSESSMENT
